-- phpMyAdmin SQL Dump
-- version 5.2.1
-- https://www.phpmyadmin.net/
--
-- Host: 127.0.0.1
-- Tempo de geração: 14/05/2026 às 12:08
-- Versão do servidor: 10.4.32-MariaDB
-- Versão do PHP: 8.2.12

SET SQL_MODE = "NO_AUTO_VALUE_ON_ZERO";
START TRANSACTION;
SET time_zone = "+00:00";


/*!40101 SET @OLD_CHARACTER_SET_CLIENT=@@CHARACTER_SET_CLIENT */;
/*!40101 SET @OLD_CHARACTER_SET_RESULTS=@@CHARACTER_SET_RESULTS */;
/*!40101 SET @OLD_COLLATION_CONNECTION=@@COLLATION_CONNECTION */;
/*!40101 SET NAMES utf8mb4 */;

--
-- Banco de dados: `quiz_angola3`
--

-- --------------------------------------------------------

--
-- Estrutura para tabela `categorias`
--

CREATE TABLE `categorias` (
  `id` int(11) NOT NULL,
  `nome_categoria` varchar(100) NOT NULL,
  `descricao` text DEFAULT NULL
) ENGINE=InnoDB DEFAULT CHARSET=utf8mb4 COLLATE=utf8mb4_unicode_ci;

--
-- Despejando dados para a tabela `categorias`
--

INSERT INTO `categorias` (`id`, `nome_categoria`, `descricao`) VALUES
(1, 'História', 'Perguntas sobre a história de Angola.'),
(2, 'Geografia', 'Perguntas sobre a geografia de Angola.'),
(4, 'Personalidades', 'Perguntas sobre figuras notáveis de Angola.'),
(5, 'Desporto', 'Perguntas sobre o desporto angolano.'),
(6, 'Cultura Geral', 'Curiosidades e factos gerais sobre Angola.'),
(7, 'Turismo', 'Conheça mais sobre alguns pontos turisticos Angolanos.');

-- --------------------------------------------------------

--
-- Estrutura para tabela `historico_quiz`
--

CREATE TABLE `historico_quiz` (
  `id` int(11) NOT NULL,
  `usuario_id` int(11) NOT NULL,
  `pergunta_id` int(11) NOT NULL,
  `resposta_dada_id` int(11) DEFAULT NULL,
  `resposta_dada_vf` tinyint(1) DEFAULT NULL,
  `correta` tinyint(1) NOT NULL,
  `data_tentativa` timestamp NOT NULL DEFAULT current_timestamp()
) ENGINE=InnoDB DEFAULT CHARSET=utf8mb4 COLLATE=utf8mb4_unicode_ci;

--
-- Despejando dados para a tabela `historico_quiz`
--

INSERT INTO `historico_quiz` (`id`, `usuario_id`, `pergunta_id`, `resposta_dada_id`, `resposta_dada_vf`, `correta`, `data_tentativa`) VALUES
(391, 2, 45, NULL, NULL, 0, '2026-02-18 16:45:15'),
(392, 2, 48, NULL, NULL, 1, '2026-02-18 16:45:21'),
(393, 2, 58, NULL, NULL, 1, '2026-02-18 16:45:27'),
(394, 2, 109, 434, NULL, 0, '2026-02-18 16:45:34'),
(395, 2, 112, 446, NULL, 0, '2026-02-18 16:45:40'),
(396, 2, 86, 343, NULL, 0, '2026-02-18 16:45:56'),
(397, 2, 83, 329, NULL, 1, '2026-02-18 16:46:06'),
(398, 2, 93, 369, NULL, 1, '2026-02-18 16:46:14'),
(399, 2, 27, NULL, NULL, 0, '2026-02-18 16:46:27'),
(400, 2, 26, NULL, NULL, 1, '2026-02-18 16:48:11'),
(401, 2, 28, NULL, NULL, 1, '2026-02-18 16:48:15'),
(402, 2, 22, NULL, NULL, 1, '2026-02-18 16:48:23'),
(403, 2, 34, NULL, NULL, 0, '2026-02-18 16:48:30'),
(404, 2, 36, NULL, NULL, 1, '2026-02-18 16:50:20'),
(405, 2, 26, NULL, NULL, 0, '2026-02-18 16:50:22'),
(406, 2, 40, NULL, NULL, 0, '2026-02-18 16:50:25'),
(407, 2, 121, 483, NULL, 0, '2026-02-18 16:50:35'),
(408, 2, 127, 507, NULL, 0, '2026-02-18 16:50:37'),
(409, 2, 124, 495, NULL, 0, '2026-02-18 16:50:39'),
(410, 2, 136, 544, NULL, 0, '2026-02-18 16:50:41'),
(411, 2, 133, 532, NULL, 0, '2026-02-18 16:50:44'),
(412, 2, 128, 512, NULL, 0, '2026-02-18 16:50:45'),
(413, 2, 74, NULL, NULL, 1, '2026-02-18 16:50:57'),
(414, 2, 75, NULL, NULL, 1, '2026-02-18 16:51:00'),
(415, 2, 68, NULL, NULL, 0, '2026-02-18 16:51:02'),
(416, 2, 66, NULL, NULL, 0, '2026-02-18 16:51:04'),
(417, 2, 67, NULL, NULL, 0, '2026-02-18 16:51:06'),
(418, 2, 63, NULL, NULL, 1, '2026-02-18 16:51:08'),
(419, 2, 131, 524, NULL, 0, '2026-02-18 16:55:19'),
(420, 2, 132, 528, NULL, 0, '2026-02-18 16:55:20'),
(421, 2, 121, 482, NULL, 0, '2026-02-18 16:55:21'),
(422, 2, 127, 506, NULL, 0, '2026-02-18 16:55:23'),
(423, 2, 72, NULL, NULL, 0, '2026-02-18 16:55:36'),
(424, 2, 71, NULL, NULL, 1, '2026-02-18 16:55:40'),
(425, 2, 75, NULL, NULL, 0, '2026-02-18 16:55:43'),
(426, 2, 70, NULL, NULL, 1, '2026-02-18 16:55:45'),
(427, 2, 78, NULL, NULL, 0, '2026-02-18 16:55:47'),
(428, 2, 73, NULL, NULL, 0, '2026-02-18 16:55:49'),
(429, 2, 5, 571, NULL, 1, '2026-02-18 16:55:51'),
(430, 2, 68, NULL, NULL, 1, '2026-02-18 16:55:53'),
(431, 2, 64, NULL, NULL, 0, '2026-02-18 16:55:55'),
(432, 2, 62, NULL, NULL, 1, '2026-02-18 16:55:56'),
(433, 2, 137, 548, NULL, 0, '2026-02-19 06:51:39'),
(434, 2, 124, 493, NULL, 1, '2026-02-19 06:52:22'),
(435, 2, 65, 702, NULL, 0, '2026-02-19 10:46:16'),
(436, 2, 117, 465, NULL, 1, '2026-02-19 10:46:30'),
(437, 2, 104, 414, NULL, 0, '2026-02-19 10:46:39'),
(438, 2, 114, 453, NULL, 1, '2026-02-19 10:46:49'),
(439, 2, 62, 717, NULL, 1, '2026-02-19 10:48:26'),
(440, 2, 120, 477, NULL, 1, '2026-02-19 10:48:35'),
(441, 2, 108, 429, NULL, 1, '2026-02-19 10:48:43'),
(442, 2, 105, 417, NULL, 1, '2026-02-19 10:48:50'),
(443, 2, 118, 469, NULL, 1, '2026-02-19 10:49:01'),
(444, 2, 116, 461, NULL, 1, '2026-02-19 10:49:10'),
(445, 2, 109, 436, NULL, 0, '2026-02-19 10:49:17'),
(446, 2, 96, 382, NULL, 0, '2026-02-19 10:49:36'),
(447, 2, 94, 374, NULL, 0, '2026-02-19 10:49:44'),
(448, 2, 90, 358, NULL, 0, '2026-02-19 10:49:51'),
(449, 2, 99, 395, NULL, 0, '2026-02-19 10:49:58'),
(450, 2, 83, 331, NULL, 0, '2026-02-19 10:50:10'),
(451, 2, 87, 345, NULL, 1, '2026-02-19 10:50:17'),
(452, 2, 93, 369, NULL, 1, '2026-02-19 10:50:26'),
(453, 2, 37, 733, NULL, 1, '2026-02-19 10:50:39'),
(454, 2, 90, 357, NULL, 1, '2026-02-19 10:50:44'),
(455, 2, 26, 635, NULL, 0, '2026-02-19 10:50:50'),
(456, 2, 97, 385, NULL, 1, '2026-02-19 10:50:57'),
(457, 2, 85, 339, NULL, 0, '2026-02-19 10:51:04'),
(458, 2, 94, 376, NULL, 0, '2026-02-19 10:51:10'),
(459, 2, 93, 369, NULL, 1, '2026-02-19 10:51:14'),
(460, 2, 86, 342, NULL, 0, '2026-02-19 10:51:21'),
(461, 2, 95, 377, NULL, 1, '2026-02-19 10:51:26'),
(462, 2, 83, 331, NULL, 0, '2026-02-19 10:51:32'),
(463, 2, 65, 702, NULL, 0, '2026-02-19 10:51:41'),
(464, 2, 120, 477, NULL, 1, '2026-02-19 10:51:46'),
(465, 2, 62, 717, NULL, 1, '2026-02-19 10:51:49'),
(466, 2, 102, 405, NULL, 1, '2026-02-19 10:51:52'),
(467, 2, 117, 465, NULL, 1, '2026-02-19 10:51:58'),
(468, 2, 106, 421, NULL, 1, '2026-02-19 10:52:05'),
(469, 2, 72, 595, NULL, 0, '2026-02-19 10:52:15'),
(470, 2, 119, 473, NULL, 1, '2026-02-19 10:52:24'),
(471, 2, 101, 401, NULL, 1, '2026-02-19 10:52:30'),
(472, 2, 61, 713, NULL, 1, '2026-02-19 10:52:33'),
(473, 2, 17, 66, NULL, 0, '2026-02-19 10:54:51'),
(474, 2, 11, 44, NULL, 0, '2026-02-19 10:54:58'),
(475, 2, 7, 26, NULL, 0, '2026-02-19 10:55:05'),
(476, 2, 2, 6, NULL, 1, '2026-02-19 10:55:10'),
(477, 2, 13, 51, NULL, 0, '2026-02-19 10:55:20'),
(478, 2, 16, 61, NULL, 1, '2026-02-19 10:55:28'),
(479, 2, 6, 21, NULL, 1, '2026-02-19 10:55:35'),
(480, 2, 36, 738, NULL, 0, '2026-02-19 10:55:41'),
(481, 2, 102, 405, NULL, 1, '2026-02-19 10:55:52'),
(482, 2, 63, 710, NULL, 0, '2026-02-19 10:55:58'),
(483, 2, 103, 412, NULL, 0, '2026-02-19 10:56:05'),
(484, 2, 61, 713, NULL, 1, '2026-02-19 10:56:09'),
(485, 2, 71, 680, NULL, 0, '2026-02-19 10:56:17'),
(486, 2, 65, 702, NULL, 0, '2026-02-19 10:56:24'),
(487, 2, 118, 469, NULL, 1, '2026-02-19 10:56:30'),
(488, 2, 106, 421, NULL, 1, '2026-02-19 10:56:33'),
(489, 2, 101, 401, NULL, 1, '2026-02-19 10:56:38'),
(490, 2, 62, 717, NULL, 1, '2026-02-19 10:56:42'),
(491, 2, 64, 706, NULL, 0, '2026-02-19 11:03:37'),
(492, 2, 78, 580, NULL, 0, '2026-02-19 11:03:43'),
(493, 2, 73, 674, NULL, 0, '2026-02-19 11:03:50'),
(494, 2, 76, 585, NULL, 1, '2026-02-19 11:03:58'),
(495, 2, 77, 581, NULL, 1, '2026-02-19 11:04:10'),
(496, 2, 69, 687, NULL, 0, '2026-02-19 11:04:15'),
(497, 2, 80, 561, NULL, 1, '2026-02-19 11:04:20'),
(498, 2, 75, 670, NULL, 0, '2026-02-19 11:04:28'),
(499, 2, 80, 561, NULL, 1, '2026-02-19 11:04:39'),
(500, 2, 76, 587, NULL, 0, '2026-02-19 11:04:45'),
(501, 2, 77, 581, NULL, 1, '2026-02-19 11:04:49'),
(502, 2, 78, 577, NULL, 1, '2026-02-19 11:04:56'),
(503, 2, 64, 705, NULL, 1, '2026-02-19 11:05:02'),
(504, 2, 69, 685, NULL, 1, '2026-02-19 11:05:05'),
(505, 2, 75, 669, NULL, 1, '2026-02-19 11:05:12'),
(506, 2, 73, 673, NULL, 1, '2026-02-19 11:05:19'),
(507, 2, 79, 573, NULL, 1, '2026-02-19 11:05:25'),
(508, 2, 28, 642, NULL, 0, '2026-02-19 11:06:05'),
(509, 2, 34, 748, NULL, 0, '2026-02-19 11:06:12'),
(510, 2, 3, 607, NULL, 0, '2026-02-19 11:06:17'),
(511, 2, 24, 626, NULL, 1, '2026-02-19 11:06:22'),
(512, 2, 30, 652, NULL, 0, '2026-02-19 11:06:31'),
(513, 2, 5, 570, NULL, 0, '2026-02-19 11:06:40'),
(514, 2, 33, 752, NULL, 0, '2026-02-19 11:06:56'),
(515, 2, 36, 740, NULL, 0, '2026-02-19 11:07:07'),
(516, 2, 10, 37, NULL, 0, '2026-02-19 11:07:14'),
(517, 2, 13, 50, NULL, 0, '2026-02-19 11:07:22'),
(518, 2, 2, 6, NULL, 1, '2026-02-19 11:07:28'),
(519, 2, 16, 61, NULL, 1, '2026-02-19 11:07:33'),
(520, 2, 17, 65, NULL, 1, '2026-02-19 11:07:38'),
(521, 2, 4, 15, NULL, 0, '2026-02-19 11:07:44'),
(522, 2, 8, 30, NULL, 0, '2026-02-19 11:07:54'),
(523, 2, 12, 48, NULL, 0, '2026-02-19 11:08:03'),
(524, 2, 109, 436, NULL, 0, '2026-02-19 11:08:15'),
(525, 2, 112, 446, NULL, 0, '2026-02-19 11:08:22'),
(526, 2, 110, 437, NULL, 1, '2026-02-19 11:08:31'),
(527, 2, 117, 465, NULL, 1, '2026-02-19 11:08:36'),
(528, 2, 118, 469, NULL, 1, '2026-02-19 11:08:42'),
(529, 2, 63, 709, NULL, 0, '2026-02-19 11:08:49'),
(530, 2, 120, 477, NULL, 1, '2026-02-19 11:08:53'),
(531, 2, 72, 595, NULL, 0, '2026-02-19 11:09:00'),
(532, 2, 62, 717, NULL, 1, '2026-02-19 11:09:05'),
(533, 2, 108, 429, NULL, 1, '2026-02-19 11:09:09'),
(534, 2, 103, 412, NULL, 0, '2026-02-20 08:41:13'),
(535, 2, 51, NULL, NULL, 0, '2026-02-20 08:41:20'),
(536, 2, 109, 435, NULL, 0, '2026-02-20 08:41:27'),
(537, 2, 30, 649, NULL, 1, '2026-02-20 08:41:35'),
(538, 2, 24, 626, NULL, 1, '2026-02-20 08:41:48'),
(539, 2, 46, NULL, NULL, 1, '2026-02-20 08:41:54'),
(540, 2, 6, 24, NULL, 0, '2026-02-20 08:42:02'),
(541, 2, 120, 479, NULL, 0, '2026-02-20 08:42:56'),
(542, 2, 37, 734, NULL, 0, '2026-02-20 08:42:58'),
(543, 2, 73, 674, NULL, 0, '2026-02-20 08:42:59'),
(544, 2, 82, 325, NULL, 1, '2026-02-20 08:43:00'),
(545, 2, 75, 672, NULL, 0, '2026-02-20 08:43:02'),
(546, 2, 27, NULL, NULL, 0, '2026-02-20 08:43:04'),
(547, 2, 108, 430, NULL, 0, '2026-02-20 08:43:06'),
(548, 2, 9, 34, NULL, 0, '2026-02-20 08:43:07'),
(549, 2, 60, NULL, NULL, 0, '2026-02-20 08:43:07'),
(550, 2, 51, NULL, NULL, 0, '2026-02-20 08:43:08'),
(551, 2, 43, NULL, NULL, 0, '2026-02-20 08:47:26'),
(552, 2, 105, 418, NULL, 0, '2026-02-20 08:48:56'),
(553, 2, 116, 462, NULL, 0, '2026-02-20 08:48:58'),
(554, 2, 119, 474, NULL, 0, '2026-02-20 08:49:00'),
(555, 2, 106, 424, NULL, 0, '2026-02-20 08:49:01'),
(556, 2, 101, 401, NULL, 1, '2026-02-20 08:49:03'),
(557, 2, 63, 710, NULL, 0, '2026-02-20 08:49:05'),
(558, 2, 112, 445, NULL, 1, '2026-02-20 08:49:06'),
(559, 2, 118, 472, NULL, 0, '2026-02-20 08:49:08'),
(560, 2, 61, 715, NULL, 0, '2026-02-20 08:49:09'),
(561, 2, 108, 429, NULL, 1, '2026-02-20 08:49:11'),
(562, 2, 119, 476, NULL, 0, '2026-02-20 08:50:28'),
(563, 2, 104, 413, NULL, 1, '2026-02-20 08:50:31'),
(564, 2, 120, 480, NULL, 0, '2026-02-20 08:50:33'),
(565, 2, 117, 465, NULL, 1, '2026-02-20 08:50:36'),
(566, 2, 101, 403, NULL, 0, '2026-02-20 08:50:37'),
(567, 2, 61, 713, NULL, 1, '2026-02-20 08:50:40'),
(568, 2, 71, 679, NULL, 0, '2026-02-20 08:50:42'),
(569, 2, 63, 710, NULL, 0, '2026-02-20 08:50:44'),
(570, 2, 112, 448, NULL, 0, '2026-02-20 08:50:45'),
(571, 2, 72, 595, NULL, 0, '2026-02-20 08:50:47'),
(572, 2, 60, NULL, NULL, 0, '2026-02-20 09:52:03'),
(573, 2, 116, 463, NULL, 0, '2026-02-20 11:41:08'),
(574, 2, 83, 332, NULL, 0, '2026-02-23 15:00:05'),
(575, 2, 135, 539, NULL, 0, '2026-02-27 12:11:43'),
(576, 2, 129, 516, NULL, 0, '2026-02-27 12:11:46'),
(577, 2, 133, 529, NULL, 1, '2026-02-27 12:11:48'),
(578, 2, 127, 508, NULL, 0, '2026-02-27 12:11:52'),
(579, 2, 138, 551, NULL, 0, '2026-02-27 12:11:54'),
(580, 2, 137, 545, NULL, 1, '2026-02-27 12:12:01'),
(581, 2, 122, 487, NULL, 0, '2026-02-27 12:12:05'),
(582, 2, 128, 512, NULL, 0, '2026-02-27 12:12:08'),
(583, 2, 74, 598, NULL, 0, '2026-02-27 12:12:12'),
(584, 2, 123, 490, NULL, 0, '2026-02-27 12:12:13'),
(585, 1, 61, 713, NULL, 1, '2026-03-16 11:35:44'),
(586, 1, 111, 444, NULL, 0, '2026-03-16 11:35:55'),
(587, 1, 101, 401, NULL, 1, '2026-03-16 11:36:01'),
(588, 1, 103, 412, NULL, 0, '2026-03-16 11:36:08'),
(589, 1, 106, 421, NULL, 1, '2026-03-16 11:36:13'),
(590, 1, 110, 438, NULL, 0, '2026-03-16 11:36:20'),
(591, 1, 107, 425, NULL, 1, '2026-03-16 11:36:30'),
(592, 1, 120, 477, NULL, 1, '2026-03-16 11:36:35'),
(593, 1, 67, 696, NULL, 0, '2026-03-16 11:39:01'),
(594, 2, 120, 480, NULL, 0, '2026-03-30 13:05:23'),
(595, 2, 3, 607, NULL, 0, '2026-03-30 13:05:27'),
(596, 2, 68, 692, NULL, 0, '2026-03-30 13:05:29'),
(597, 2, 22, 618, NULL, 0, '2026-03-30 13:14:08'),
(598, 2, 10, 40, NULL, 0, '2026-03-30 13:14:17'),
(599, 2, 109, 436, NULL, 0, '2026-03-30 13:14:23'),
(600, 2, 53, NULL, NULL, 0, '2026-04-03 09:59:58'),
(601, 2, 127, 508, NULL, 0, '2026-04-06 16:58:38'),
(602, 2, 88, 349, NULL, 1, '2026-04-06 16:58:49'),
(603, 2, 105, 420, NULL, 0, '2026-04-06 16:58:59'),
(604, 2, 82, 325, NULL, 1, '2026-04-06 16:59:01'),
(605, 2, 51, NULL, NULL, 0, '2026-04-06 16:59:06'),
(606, 2, 102, 405, NULL, 1, '2026-04-06 16:59:08'),
(607, 2, 102, 405, NULL, 1, '2026-04-06 16:59:09'),
(608, 2, 110, 437, NULL, 1, '2026-04-06 16:59:11'),
(609, 2, 18, 69, NULL, 1, '2026-04-06 16:59:13'),
(610, 2, 140, 560, NULL, 0, '2026-04-06 16:59:16'),
(611, 2, 131, 523, NULL, 0, '2026-04-06 16:59:55'),
(612, 2, 122, 488, NULL, 0, '2026-04-06 16:59:57'),
(613, 2, 139, 553, NULL, 1, '2026-04-06 17:00:04'),
(614, 2, 124, 493, NULL, 1, '2026-04-06 17:00:08'),
(615, 2, 68, 692, NULL, 0, '2026-04-06 17:00:10'),
(616, 2, 74, 600, NULL, 0, '2026-04-06 17:00:12'),
(617, 2, 126, 502, NULL, 0, '2026-04-06 17:00:14'),
(618, 2, 126, 502, NULL, 0, '2026-04-06 17:00:17'),
(619, 2, 132, 528, NULL, 0, '2026-04-06 17:00:19'),
(620, 2, 115, 661, NULL, 1, '2026-04-06 17:00:20'),
(621, 2, 135, 539, NULL, 0, '2026-04-06 17:00:34'),
(622, 2, 125, 500, NULL, 0, '2026-04-06 17:00:36'),
(623, 2, 128, 511, NULL, 0, '2026-04-06 17:00:38'),
(624, 2, 136, 542, NULL, 0, '2026-04-06 17:00:40'),
(625, 2, 133, 531, NULL, 0, '2026-04-06 17:00:41'),
(626, 2, 134, 533, NULL, 1, '2026-04-06 17:00:46'),
(627, 2, 137, 546, NULL, 0, '2026-04-06 17:00:48'),
(628, 2, 121, 482, NULL, 0, '2026-04-06 17:00:50'),
(629, 2, 67, 694, NULL, 0, '2026-04-06 17:00:53'),
(630, 2, 130, 517, NULL, 1, '2026-04-06 17:00:55'),
(631, 2, 93, 369, NULL, 1, '2026-04-06 17:11:37'),
(632, 2, 92, 368, NULL, 0, '2026-04-06 17:11:40'),
(633, 2, 70, NULL, NULL, 1, '2026-04-06 17:11:41'),
(634, 2, 50, NULL, NULL, 0, '2026-04-06 17:11:43'),
(635, 2, 60, NULL, NULL, 0, '2026-04-06 17:11:45'),
(636, 2, 21, 615, NULL, 0, '2026-04-06 17:11:46'),
(637, 2, 26, 636, NULL, 0, '2026-04-06 17:11:48'),
(638, 2, 90, 357, NULL, 1, '2026-04-06 17:11:49'),
(639, 2, 59, NULL, NULL, 0, '2026-04-06 17:11:51'),
(640, 2, 34, 748, NULL, 0, '2026-04-06 17:11:53'),
(641, 2, 22, 619, NULL, 0, '2026-04-06 17:12:20'),
(642, 2, 13, 49, NULL, 1, '2026-04-06 17:12:25'),
(643, 2, 9, 36, NULL, 0, '2026-04-06 17:12:26'),
(644, 2, 48, NULL, NULL, 1, '2026-04-06 17:12:29'),
(645, 2, 27, NULL, NULL, 0, '2026-04-06 17:12:30'),
(646, 2, 31, 653, NULL, 0, '2026-04-06 17:12:32'),
(647, 2, 15, 611, NULL, 0, '2026-04-06 17:12:34'),
(648, 2, 19, 76, NULL, 0, '2026-04-06 17:12:36'),
(649, 2, 77, 583, NULL, 0, '2026-04-06 17:12:37'),
(650, 2, 17, 66, NULL, 0, '2026-04-06 17:12:39'),
(651, 2, 62, 720, NULL, 0, '2026-04-06 17:17:26'),
(652, 2, 101, 401, NULL, 1, '2026-04-06 17:17:30'),
(653, 2, 105, 419, NULL, 0, '2026-04-06 17:17:32'),
(654, 2, 105, 417, NULL, 1, '2026-04-06 17:17:33'),
(655, 2, 61, 714, NULL, 0, '2026-04-06 17:17:35'),
(656, 2, 61, 714, NULL, 0, '2026-04-06 17:17:36'),
(657, 2, 118, 470, NULL, 0, '2026-04-06 17:17:38'),
(658, 2, 110, 440, NULL, 0, '2026-04-06 17:18:47'),
(659, 2, 107, 427, NULL, 0, '2026-04-06 17:18:51'),
(660, 2, 65, 702, NULL, 0, '2026-04-06 17:18:52'),
(661, 2, 108, 429, NULL, 1, '2026-04-06 17:18:55'),
(662, 2, 117, 465, NULL, 1, '2026-04-06 17:18:57'),
(663, 2, 104, 414, NULL, 0, '2026-04-06 17:18:59'),
(664, 2, 109, 433, NULL, 1, '2026-04-06 17:19:01'),
(665, 2, 120, 480, NULL, 0, '2026-04-06 17:19:02'),
(666, 2, 112, 447, NULL, 0, '2026-04-06 17:19:04'),
(667, 2, 111, 443, NULL, 0, '2026-04-06 17:19:06'),
(668, 1, 43, NULL, NULL, 0, '2026-04-06 17:21:57'),
(669, 2, 87, 348, NULL, 0, '2026-04-09 19:46:32'),
(670, 2, 94, 374, NULL, 0, '2026-04-09 19:46:54'),
(671, 2, 85, 338, NULL, 0, '2026-04-09 19:47:04'),
(672, 2, 84, 335, NULL, 0, '2026-04-09 19:47:13'),
(673, 2, 83, 331, NULL, 0, '2026-04-09 19:47:39'),
(674, 2, 85, 337, NULL, 1, '2026-04-09 19:47:47'),
(675, 2, 96, 382, NULL, 0, '2026-04-09 19:48:00'),
(676, 2, 94, 374, NULL, 0, '2026-04-09 19:48:07'),
(677, 2, 87, 345, NULL, 1, '2026-04-09 19:48:15'),
(678, 2, 84, 335, NULL, 0, '2026-04-09 19:48:25'),
(679, 2, 95, 321, NULL, 0, '2026-04-09 19:48:30'),
(680, 2, 49, NULL, NULL, 0, '2026-04-30 15:01:17'),
(681, 2, 66, NULL, NULL, 1, '2026-04-30 15:01:58'),
(682, 2, 43, NULL, NULL, 0, '2026-04-30 15:02:10'),
(683, 2, 54, NULL, NULL, 1, '2026-04-30 15:02:22'),
(684, 2, 47, NULL, NULL, 1, '2026-04-30 15:02:29'),
(685, 2, 45, NULL, NULL, 0, '2026-04-30 15:02:39'),
(686, 2, 41, NULL, NULL, 0, '2026-04-30 15:02:46'),
(687, 2, 44, NULL, NULL, 0, '2026-04-30 15:03:02'),
(688, 2, 66, NULL, NULL, 1, '2026-04-30 15:03:11'),
(689, 2, 49, NULL, NULL, 1, '2026-04-30 15:03:16'),
(690, 2, 43, NULL, NULL, 0, '2026-04-30 15:03:23'),
(691, 2, 66, NULL, NULL, 1, '2026-04-30 15:03:28'),
(692, 2, 57, NULL, NULL, 1, '2026-04-30 15:03:35'),
(693, 2, 44, NULL, NULL, 1, '2026-04-30 15:03:42'),
(694, 2, 70, NULL, NULL, 0, '2026-04-30 15:03:47'),
(695, 2, 48, NULL, NULL, 0, '2026-04-30 15:03:54'),
(696, 2, 32, NULL, NULL, 0, '2026-04-30 15:04:01'),
(697, 2, 46, NULL, NULL, 1, '2026-04-30 15:04:07'),
(698, 2, 45, NULL, NULL, 0, '2026-04-30 15:04:12'),
(699, 2, 47, NULL, NULL, 1, '2026-04-30 15:04:17'),
(700, 2, 45, NULL, NULL, 0, '2026-04-30 15:06:27'),
(701, 2, 32, NULL, NULL, 1, '2026-04-30 15:06:31'),
(702, 2, 47, NULL, NULL, 0, '2026-04-30 15:06:34'),
(703, 2, 54, NULL, NULL, 0, '2026-04-30 15:06:36'),
(704, 2, 46, NULL, NULL, 0, '2026-04-30 15:06:38'),
(705, 2, 25, NULL, NULL, 1, '2026-04-30 15:06:39'),
(706, 2, 49, NULL, NULL, 1, '2026-04-30 15:06:41'),
(707, 2, 70, NULL, NULL, 0, '2026-04-30 15:06:44'),
(708, 2, 55, NULL, NULL, 1, '2026-04-30 15:06:46'),
(709, 2, 42, NULL, NULL, 0, '2026-04-30 15:06:50'),
(710, 2, 53, NULL, NULL, 0, '2026-04-30 15:49:35'),
(711, 2, 52, NULL, NULL, 0, '2026-04-30 15:49:45'),
(712, 2, 43, NULL, NULL, 0, '2026-04-30 15:49:52'),
(713, 2, 27, NULL, NULL, 1, '2026-04-30 15:50:00'),
(714, 2, 70, NULL, NULL, 1, '2026-04-30 15:50:04'),
(715, 2, 44, NULL, NULL, 1, '2026-04-30 15:50:08'),
(716, 2, 49, NULL, NULL, 0, '2026-04-30 15:50:14'),
(717, 2, 47, NULL, NULL, 0, '2026-04-30 15:50:18'),
(718, 2, 55, NULL, NULL, 0, '2026-04-30 15:50:23'),
(719, 2, 51, NULL, NULL, 0, '2026-04-30 15:50:27'),
(720, 2, 50, NULL, NULL, 0, '2026-04-30 15:52:33'),
(721, 2, 32, NULL, NULL, 0, '2026-04-30 15:52:50'),
(722, 2, 70, NULL, NULL, 0, '2026-04-30 15:52:55'),
(723, 2, 58, NULL, NULL, 0, '2026-04-30 15:52:58'),
(724, 2, 52, NULL, NULL, 1, '2026-04-30 15:53:02'),
(725, 2, 41, NULL, NULL, 0, '2026-04-30 15:57:12'),
(726, 2, 54, NULL, NULL, 1, '2026-04-30 15:57:21'),
(727, 2, 45, NULL, NULL, 0, '2026-04-30 15:57:38'),
(728, 2, 43, NULL, NULL, 1, '2026-04-30 15:58:38'),
(729, 2, 27, NULL, NULL, 0, '2026-04-30 15:58:44'),
(730, 2, 48, NULL, NULL, 1, '2026-04-30 15:58:46'),
(731, 2, 57, NULL, NULL, 0, '2026-04-30 15:58:51'),
(732, 2, 44, NULL, NULL, 0, '2026-04-30 15:58:53'),
(733, 2, 47, NULL, NULL, 0, '2026-04-30 15:59:03'),
(734, 2, 46, NULL, NULL, 0, '2026-04-30 15:59:06'),
(735, 2, 43, NULL, NULL, 0, '2026-04-30 16:03:56'),
(736, 2, 53, NULL, NULL, 0, '2026-04-30 16:04:05'),
(737, 2, 56, NULL, NULL, 0, '2026-04-30 16:04:21'),
(738, 2, 47, NULL, NULL, 0, '2026-04-30 16:04:26'),
(739, 2, 25, NULL, NULL, 0, '2026-04-30 16:05:08'),
(740, 2, 47, NULL, NULL, 0, '2026-04-30 16:12:23'),
(741, 2, 52, NULL, NULL, 0, '2026-04-30 16:12:28'),
(742, 2, 50, NULL, NULL, 0, '2026-04-30 16:13:33'),
(743, 2, 49, NULL, NULL, 0, '2026-04-30 16:13:39'),
(744, 2, 42, NULL, NULL, 0, '2026-04-30 16:13:41'),
(745, 2, 60, NULL, NULL, 1, '2026-04-30 16:13:48'),
(746, 2, 45, NULL, NULL, 0, '2026-04-30 16:13:49'),
(747, 2, 32, NULL, NULL, 1, '2026-04-30 16:13:51'),
(748, 2, 51, NULL, NULL, 0, '2026-04-30 16:13:52'),
(749, 2, 56, NULL, NULL, 1, '2026-04-30 16:13:54'),
(750, 2, 48, NULL, NULL, 1, '2026-04-30 16:13:55'),
(751, 2, 25, NULL, NULL, 0, '2026-04-30 16:13:57'),
(752, 2, 60, NULL, NULL, 1, '2026-04-30 16:14:05'),
(753, 2, 57, NULL, NULL, 0, '2026-04-30 16:14:06'),
(754, 2, 52, NULL, NULL, 0, '2026-04-30 16:14:08'),
(755, 2, 55, NULL, NULL, 0, '2026-04-30 16:14:10'),
(756, 2, 47, NULL, NULL, 0, '2026-04-30 16:14:13'),
(757, 2, 51, NULL, NULL, 1, '2026-04-30 16:14:15'),
(758, 2, 27, NULL, NULL, 1, '2026-04-30 16:14:17'),
(759, 2, 45, NULL, NULL, 1, '2026-04-30 16:14:19'),
(760, 2, 32, NULL, NULL, 0, '2026-04-30 16:14:21'),
(761, 2, 54, NULL, NULL, 1, '2026-04-30 16:14:23'),
(762, 2, 51, NULL, NULL, 0, '2026-04-30 16:15:03'),
(763, 2, 53, NULL, NULL, 0, '2026-04-30 16:15:09'),
(764, 2, 45, NULL, NULL, 0, '2026-04-30 16:15:12'),
(765, 2, 70, NULL, NULL, 0, '2026-04-30 16:15:15'),
(766, 2, 50, NULL, NULL, 0, '2026-04-30 16:15:17'),
(767, 2, 43, NULL, NULL, 0, '2026-04-30 16:15:21'),
(768, 2, 49, NULL, NULL, 0, '2026-04-30 16:15:24'),
(769, 2, 46, NULL, NULL, 0, '2026-04-30 16:15:25'),
(770, 2, 32, NULL, NULL, 0, '2026-04-30 16:15:29'),
(771, 2, 42, NULL, NULL, 0, '2026-04-30 16:15:38'),
(772, 2, 70, NULL, NULL, 1, '2026-04-30 16:15:45'),
(773, 2, 48, NULL, NULL, 0, '2026-04-30 16:15:59'),
(774, 2, 44, NULL, NULL, 0, '2026-04-30 16:16:08'),
(775, 2, 53, NULL, NULL, 0, '2026-04-30 16:16:12'),
(776, 2, 56, NULL, NULL, 0, '2026-04-30 16:16:37'),
(777, 2, 32, NULL, NULL, 1, '2026-04-30 16:16:42'),
(778, 2, 54, NULL, NULL, 0, '2026-04-30 16:16:43'),
(779, 2, 25, NULL, NULL, 1, '2026-04-30 16:16:45'),
(780, 2, 52, NULL, NULL, 0, '2026-04-30 16:16:53'),
(781, 2, 66, NULL, NULL, 1, '2026-04-30 16:17:01'),
(782, 2, 59, NULL, NULL, 0, '2026-04-30 16:17:03'),
(783, 2, 60, NULL, NULL, 1, '2026-04-30 16:17:21'),
(784, 2, 58, NULL, NULL, 0, '2026-04-30 16:17:26'),
(785, 2, 41, NULL, NULL, 1, '2026-04-30 16:17:30'),
(786, 2, 48, NULL, NULL, 0, '2026-04-30 16:24:01'),
(787, 2, 58, NULL, NULL, 0, '2026-04-30 16:24:07'),
(788, 2, 57, NULL, NULL, 0, '2026-04-30 16:24:09'),
(789, 2, 27, NULL, NULL, 0, '2026-04-30 16:24:10'),
(790, 2, 50, NULL, NULL, 0, '2026-04-30 16:24:14'),
(791, 2, 98, 389, NULL, 1, '2026-04-30 16:29:46'),
(792, 2, 26, 634, NULL, 0, '2026-04-30 16:29:52'),
(793, 2, 81, 323, NULL, 0, '2026-04-30 16:29:55'),
(794, 2, 86, 344, NULL, 0, '2026-04-30 16:29:57'),
(795, 2, 99, 395, NULL, 0, '2026-04-30 16:29:58'),
(796, 2, 94, 375, NULL, 0, '2026-04-30 16:30:01'),
(797, 2, 95, 377, NULL, 1, '2026-04-30 16:30:03'),
(798, 2, 100, 399, NULL, 0, '2026-04-30 16:30:06'),
(799, 2, 97, 387, NULL, 0, '2026-04-30 16:30:08'),
(800, 2, 92, 368, NULL, 0, '2026-04-30 16:30:11'),
(801, 2, 87, 348, NULL, 0, '2026-04-30 16:30:27'),
(802, 2, 89, 355, NULL, 0, '2026-04-30 16:30:45'),
(803, 2, 84, 335, NULL, 0, '2026-04-30 16:31:39'),
(804, 2, 85, 340, NULL, 0, '2026-04-30 16:32:07'),
(805, 2, 81, 633, NULL, 0, '2026-04-30 16:32:21'),
(806, 2, 93, 370, NULL, 0, '2026-04-30 16:39:06'),
(807, 2, 97, 387, NULL, 0, '2026-04-30 16:39:21'),
(808, 2, 92, 368, NULL, 0, '2026-04-30 16:39:28'),
(809, 2, 99, 393, NULL, 1, '2026-04-30 16:39:35'),
(810, 2, 90, 360, NULL, 0, '2026-04-30 16:39:41'),
(811, 2, 115, 662, NULL, 0, '2026-04-30 16:40:07'),
(812, 2, 136, 543, NULL, 0, '2026-04-30 16:40:13'),
(813, 2, 112, 446, NULL, 0, '2026-04-30 16:56:06'),
(814, 2, 134, 534, NULL, 0, '2026-05-04 14:13:07'),
(815, 2, 115, 661, NULL, 1, '2026-05-04 14:14:29'),
(816, 2, 78, 579, NULL, 0, '2026-05-11 16:38:44'),
(817, 2, 79, 573, NULL, 1, '2026-05-11 16:38:56'),
(818, 2, 86, 343, NULL, 0, '2026-05-11 16:39:18'),
(819, 2, 37, 734, NULL, 0, '2026-05-11 16:39:30'),
(820, 2, 93, 369, NULL, 1, '2026-05-11 16:39:47'),
(821, 2, 92, 365, NULL, 1, '2026-05-11 16:39:52'),
(822, 2, 90, 358, NULL, 0, '2026-05-11 16:39:57'),
(823, 2, 85, 337, NULL, 1, '2026-05-11 16:40:08'),
(824, 2, 100, 397, NULL, 1, '2026-05-11 16:40:14'),
(825, 2, 99, 396, NULL, 0, '2026-05-11 16:40:20'),
(826, 2, 98, 392, NULL, 0, '2026-05-11 16:40:28'),
(827, 2, 96, 382, NULL, 0, '2026-05-11 16:40:36');

-- --------------------------------------------------------

--
-- Estrutura para tabela `opcoes_resposta`
--

CREATE TABLE `opcoes_resposta` (
  `id` int(11) NOT NULL,
  `pergunta_id` int(11) NOT NULL,
  `opcao_texto` varchar(255) NOT NULL,
  `correta` tinyint(1) NOT NULL DEFAULT 0
) ENGINE=InnoDB DEFAULT CHARSET=utf8mb4 COLLATE=utf8mb4_unicode_ci;

--
-- Despejando dados para a tabela `opcoes_resposta`
--

INSERT INTO `opcoes_resposta` (`id`, `pergunta_id`, `opcao_texto`, `correta`) VALUES
(5, 2, '1974', 0),
(6, 2, '1975', 1),
(7, 2, '1976', 0),
(8, 2, '1977', 0),
(13, 4, 'UNITA', 1),
(14, 4, 'FNLA', 0),
(15, 4, 'MPLA', 0),
(16, 4, 'FLEC', 0),
(21, 6, 'Disputa pelo poder político', 1),
(22, 6, 'Fome', 0),
(23, 6, 'Doença', 0),
(24, 6, 'Colonização', 0),
(25, 7, 'Cuba', 1),
(26, 7, 'África do Sul', 0),
(27, 7, 'Portugal', 0),
(28, 7, 'Estados Unidos', 0),
(29, 8, 'Estados Unidos', 1),
(30, 8, 'Cuba', 0),
(31, 8, 'Portugal', 0),
(32, 8, 'China', 0),
(33, 9, 'Acordo de paz', 1),
(34, 9, 'Tratado de comércio', 0),
(35, 9, 'Lei educativa', 0),
(36, 9, 'Pacto cultural', 0),
(37, 10, '2000', 0),
(38, 10, '2002', 1),
(39, 10, '2004', 0),
(40, 10, '2006', 0),
(41, 11, '11 de Novembro de 1975', 0),
(42, 11, '4 de Fevereiro de 1961', 1),
(43, 11, '21 de Setembro de 1979', 0),
(44, 11, '1 de Janeiro de 1960', 0),
(45, 12, 'Huambo', 1),
(46, 12, 'Luanda', 0),
(47, 12, 'Benguela', 0),
(48, 12, 'Lubango', 0),
(49, 13, 'Independência nacional', 1),
(50, 13, 'Riqueza mineral', 0),
(51, 13, 'Expansão territorial', 0),
(52, 13, 'Religião', 0),
(53, 14, 'Guerra fria e influência ideológica', 1),
(54, 14, 'Guerra da África do Sul', 0),
(55, 14, 'Guerra do Golfo', 0),
(56, 14, 'Segunda Guerra Mundial', 0),
(61, 16, 'Pós-2002', 1),
(62, 16, '1975-1980', 0),
(63, 16, '1985-1990', 0),
(64, 16, '1994-1999', 0),
(65, 17, 'Infraestrutura / Economia', 1),
(66, 17, 'Educação', 0),
(67, 17, 'Saúde', 0),
(68, 17, 'Cultura', 0),
(69, 18, 'Huambo', 1),
(70, 18, 'Luanda', 0),
(71, 18, 'Cabinda', 0),
(72, 18, 'Benguela', 0),
(73, 19, 'Acordo do Luena', 1),
(74, 19, 'Acordo de Lusaka', 0),
(75, 19, 'Memorando de Bicesse', 0),
(76, 19, 'Pacto de Cabinda', 0),
(77, 20, 'Décadas de 1970–1980', 1),
(78, 20, '1990–2000', 0),
(79, 20, '1961–1965', 0),
(80, 20, '2002–2010', 0),
(321, 81, 'Futebol', 1),
(322, 81, 'Basquetebol', 0),
(323, 81, 'Voleibol', 0),
(324, 81, 'Handebol', 0),
(325, 82, 'Palancas Negras', 1),
(326, 82, 'Leões de Angola', 0),
(327, 82, 'Águias Negras', 0),
(328, 82, 'Dragões de Angola', 0),
(329, 83, '2006', 1),
(330, 83, '2002', 0),
(331, 83, '2010', 0),
(332, 83, '1998', 0),
(333, 84, 'Basquetebol feminino', 1),
(334, 84, 'Futebol feminino', 0),
(335, 84, 'Voleibol feminino', 0),
(336, 84, 'Handebol feminino', 0),
(337, 85, 'Petro de Luanda', 1),
(338, 85, '1º de Agosto', 0),
(339, 85, 'Progresso do Sambizanga', 0),
(340, 85, 'Benfica de Luanda', 0),
(341, 86, 'Mantorras', 1),
(342, 86, 'Akwá', 0),
(343, 86, 'Love Cabungula', 0),
(344, 86, 'Jonas Savimbi', 0),
(345, 87, 'Futebol, Basquetebol, Andebol', 1),
(346, 87, 'Voleibol, Rugby', 0),
(347, 87, 'Ciclismo, Atletismo', 0),
(348, 87, 'Natação, Tiro', 0),
(349, 88, 'Estádio 11 de Novembro', 1),
(350, 88, 'Estádio Nacional', 0),
(351, 88, 'Estádio da Cidadela', 0),
(352, 88, 'Estádio do Mar', 0),
(353, 89, 'Futebol', 1),
(354, 89, 'Basquetebol', 0),
(355, 89, 'Handebol', 0),
(356, 89, 'Voleibol', 0),
(357, 90, '1º de Agosto', 1),
(358, 90, 'Petro de Luanda', 0),
(359, 90, 'Progresso do Sambizanga', 0),
(360, 90, 'Benfica de Luanda', 0),
(361, 91, 'Sim', 1),
(362, 91, 'Não', 0),
(363, 91, 'Poucas vezes', 0),
(364, 91, 'Nunca', 0),
(365, 92, 'Jogador de futebol famoso', 1),
(366, 92, 'Músico', 0),
(367, 92, 'Político', 0),
(368, 92, 'Atleta olímpico', 0),
(369, 93, 'Afrobasket 2005', 1),
(370, 93, 'Jogos Panamericanos', 0),
(371, 93, 'Copa África', 0),
(372, 93, 'Fórmula 1', 0),
(373, 94, 'Atletismo', 1),
(374, 94, 'Basquetebol', 0),
(375, 94, 'Voleibol', 0),
(376, 94, 'Futebol', 0),
(377, 95, 'José Carlos Guimarães', 1),
(378, 95, 'Akwá', 0),
(379, 95, 'Mantorras', 0),
(380, 95, 'Love Cabungula', 0),
(381, 96, 'Progresso do Sambizanga', 1),
(382, 96, '1º de Agosto', 0),
(383, 96, 'Petro de Luanda', 0),
(384, 96, 'Benfica de Luanda', 0),
(385, 97, 'Infraestrutura', 1),
(386, 97, 'Educação', 0),
(387, 97, 'Saúde', 0),
(388, 97, 'Cultura', 0),
(389, 98, 'Basquetebol feminino', 1),
(390, 98, 'Futebol feminino', 0),
(391, 98, 'Voleibol', 0),
(392, 98, 'Handebol', 0),
(393, 99, 'Mantorras', 1),
(394, 99, 'Akwá', 0),
(395, 99, 'José Carlos Guimarães', 0),
(396, 99, 'Love Cabungula', 0),
(397, 100, 'Futebol', 1),
(398, 100, 'Basquetebol', 0),
(399, 100, 'Handebol', 0),
(400, 100, 'Voleibol', 0),
(401, 101, 'Português', 1),
(402, 101, 'Inglês', 0),
(403, 101, 'Francês', 0),
(404, 101, 'Espanhol', 0),
(405, 102, 'Kwanza', 1),
(406, 102, 'Dólar', 0),
(407, 102, 'Euro', 0),
(408, 102, 'Libra', 0),
(409, 103, 'UA – União Africana', 1),
(410, 103, 'ECOWAS', 0),
(411, 103, 'CPLP', 0),
(412, 103, 'ONU', 0),
(413, 104, 'Petróleo', 1),
(414, 104, 'Ouro', 0),
(415, 104, 'Diamantes', 0),
(416, 104, 'Café', 0),
(417, 105, 'República presidencialista', 1),
(418, 105, 'Monarquia', 0),
(419, 105, 'Ditadura', 0),
(420, 105, 'Democracia parlamentar', 0),
(421, 106, '1975', 1),
(422, 106, '1961', 0),
(423, 106, '1980', 0),
(424, 106, '1990', 0),
(425, 107, 'Petróleo e Diamantes', 1),
(426, 107, 'Madeira e Ferro', 0),
(427, 107, 'Algodão e Café', 0),
(428, 107, 'Peixe e Sal', 0),
(429, 108, 'Desigualdade social', 1),
(430, 108, 'Tecnologia', 0),
(431, 108, 'Mineração', 0),
(432, 108, 'Educação', 0),
(433, 109, 'Cuando Cubango', 1),
(434, 109, 'Huíla', 0),
(435, 109, 'Bengo', 0),
(436, 109, 'Luanda', 0),
(437, 110, 'Fortaleza de São Miguel', 1),
(438, 110, 'Palácio Presidencial', 0),
(439, 110, 'Museu do Dundo', 0),
(440, 110, 'Teatro Nacional', 0),
(441, 111, 'Cabinda', 1),
(442, 111, 'Luanda', 0),
(443, 111, 'Huambo', 0),
(444, 111, 'Benguela', 0),
(445, 112, 'Porto de Luanda', 1),
(446, 112, 'Porto do Lobito', 0),
(447, 112, 'Porto de Cabinda', 0),
(448, 112, 'Porto de Namibe', 0),
(453, 114, 'Independência e paz', 1),
(454, 114, 'Colonização', 0),
(455, 114, 'Mineração', 0),
(456, 114, 'Educação', 0),
(461, 116, 'Milho e Funge', 1),
(462, 116, 'Café e Petróleo', 0),
(463, 116, 'Diamante e Ouro', 0),
(464, 116, 'Algodão e Madeira', 0),
(465, 117, 'Petróleo e Diamantes', 1),
(466, 117, 'Café e Algodão', 0),
(467, 117, 'Madeira e Ferro', 0),
(468, 117, 'Peixe e Sal', 0),
(469, 118, 'Dia da Independência', 1),
(470, 118, 'Natal', 0),
(471, 118, 'Dia do Trabalhador', 0),
(472, 118, 'Ano Novo', 0),
(473, 119, 'Estradas e Portos', 1),
(474, 119, 'Escolas e Hospitais', 0),
(475, 119, 'Parques e Praias', 0),
(476, 119, 'Aeroportos e Ferrovias', 0),
(477, 120, 'Participação econômica e cultural', 1),
(478, 120, 'Colonização', 0),
(479, 120, 'Desastres Naturais', 0),
(480, 120, 'Isolamento', 0),
(481, 121, 'Quedas do Ruacaná', 1),
(482, 121, 'Quedas do Niassa', 0),
(483, 121, 'Cataratas do Zambeze', 0),
(484, 121, 'Quedas do Kalandula', 0),
(485, 122, 'Formações rochosas e fauna única', 1),
(486, 122, 'Geleiras', 0),
(487, 122, 'Florestas tropicais densas', 0),
(488, 122, 'Deserto gelado', 0),
(489, 123, 'Praias e resorts', 1),
(490, 123, 'Montanhas nevadas', 0),
(491, 123, 'Lagos artificiais', 0),
(492, 123, 'Parques de neve', 0),
(493, 124, 'Safaris e vida selvagem', 1),
(494, 124, 'Surf', 0),
(495, 124, 'Esqui', 0),
(496, 124, 'Escalada em neve', 0),
(497, 125, 'Património histórico', 1),
(498, 125, 'Indústria pesada', 0),
(499, 125, 'Mineração', 0),
(500, 125, 'Transportes', 0),
(501, 126, 'Serra da Leba', 1),
(502, 126, 'Morro do Moco', 0),
(503, 126, 'Huambo', 0),
(504, 126, 'Cabinda', 0),
(505, 127, 'Formações rochosas únicas', 1),
(506, 127, 'Praias turísticas', 0),
(507, 127, 'Rios navegáveis', 0),
(508, 127, 'Ilhas artificiais', 0),
(509, 128, 'Turismo ecológico e cultural', 1),
(510, 128, 'Industrial', 0),
(511, 128, 'Comercial', 0),
(512, 128, 'Mineração', 0),
(513, 129, 'Ilhas para mergulho', 1),
(514, 129, 'Montanhas nevadas', 0),
(515, 129, 'Rios poluídos', 0),
(516, 129, 'Desertos secos', 0),
(517, 130, 'Locais religiosos e históricos', 1),
(518, 130, 'Estádios esportivos', 0),
(519, 130, 'Fábricas', 0),
(520, 130, 'Centros de negócios', 0),
(521, 131, 'Praias de areia branca', 1),
(522, 131, 'Montanhas nevadas', 0),
(523, 131, 'Florestas geladas', 0),
(524, 131, 'Rios congelados', 0),
(525, 132, 'Praças e monumentos urbanos', 1),
(526, 132, 'Ilhas artificiais', 0),
(527, 132, 'Desertos urbanos', 0),
(528, 132, 'Parques industriais', 0),
(529, 133, 'Culinária típica', 1),
(530, 133, 'Fast food', 0),
(531, 133, 'Comida internacional', 0),
(532, 133, 'Comida chinesa', 0),
(533, 134, 'Monumentos históricos', 1),
(534, 134, 'Edifícios modernos', 0),
(535, 134, 'Estádios', 0),
(536, 134, 'Parques industriais', 0),
(537, 135, 'Preservar tradições', 1),
(538, 135, 'Construir fábricas', 0),
(539, 135, 'Exploração mineral', 0),
(540, 135, 'Expandir cidades', 0),
(541, 136, 'Trilhas e montanhas', 1),
(542, 136, 'Rios poluídos', 0),
(543, 136, 'Florestas densas', 0),
(544, 136, 'Praias geladas', 0),
(545, 137, 'Feiras e festivais', 1),
(546, 137, 'Indústrias', 0),
(547, 137, 'Mineração', 0),
(548, 137, 'Transportes', 0),
(549, 138, 'Escalada e aventura', 1),
(550, 138, 'Surf', 0),
(551, 138, 'Esqui', 0),
(552, 138, 'Motocross', 0),
(553, 139, 'Áreas de proteção ambiental', 1),
(554, 139, 'Áreas urbanas', 0),
(555, 139, 'Áreas industriais', 0),
(556, 139, 'Centros comerciais', 0),
(557, 140, 'Planeamento sustentável', 1),
(558, 140, 'Expansão industrial', 0),
(559, 140, 'Exploração sem limites', 0),
(560, 140, 'Urbanização descontrolada', 0),
(561, 80, 'Desertificação e seca', 1),
(562, 80, 'Urbanização', 0),
(563, 80, 'Pluviosidade', 0),
(564, 80, 'Poluição', 0),
(565, 1, 'Agostinho Neto', 0),
(566, 1, 'José Eduardo dos Santos', 0),
(567, 1, 'Jonas Savimbi', 1),
(568, 1, 'João Lourenço', 0),
(569, 5, 'Luanda', 0),
(570, 5, 'Huambo', 0),
(571, 5, 'Moxico', 1),
(572, 5, 'Benguela', 0),
(573, 79, 'Petróleo e diamantes', 1),
(574, 79, 'Madeira', 0),
(575, 79, 'Carvão', 0),
(576, 79, 'Café', 0),
(577, 78, 'Huambo', 1),
(578, 78, 'Benguela', 0),
(579, 78, 'Cabinda', 0),
(580, 78, 'Malanje', 0),
(581, 77, 'Moxico', 1),
(582, 77, 'Cuando Cubango', 0),
(583, 77, 'Luanda', 0),
(584, 77, 'Bengo', 0),
(585, 76, 'Centro e Sul', 1),
(586, 76, 'Norte', 0),
(587, 76, 'Oeste', 0),
(588, 76, 'Leste', 0),
(593, 72, 'Cacuso', 1),
(594, 72, 'Benguela', 0),
(595, 72, 'Huambo', 0),
(596, 72, 'Cunene', 0),
(597, 74, 'Moxico', 1),
(598, 74, 'Cuando Cubango', 0),
(599, 74, 'Namibe', 0),
(600, 74, 'Huíla', 0),
(605, 3, 'Agostinho Neto', 1),
(606, 3, 'Jonas Savimbi', 0),
(607, 3, 'José Eduardo dos Santos', 0),
(608, 3, 'João Lourenço', 0),
(609, 15, 'José Eduardo dos Santos', 1),
(610, 15, 'João Lourenço', 0),
(611, 15, 'Jonas Savimbi', 0),
(612, 15, 'Isaias Samakuva', 0),
(613, 21, 'Agostinho Neto', 0),
(614, 21, 'José Eduardo dos Santos', 1),
(615, 21, 'Jonas Savimbi', 0),
(616, 21, 'João Lourenço', 0),
(617, 22, 'Isaias Samakuva', 1),
(618, 22, 'Jonas Savimbi', 0),
(619, 22, 'Akwá', 0),
(620, 22, 'José Eduardo dos Santos', 0),
(621, 23, 'José Eduardo dos Santos', 0),
(622, 23, 'Agostinho Neto', 1),
(623, 23, 'João Lourenço', 0),
(624, 23, 'Jonas Savimbi', 0),
(625, 24, 'José Eduardo dos Santos', 0),
(626, 24, 'João Lourenço', 1),
(627, 24, 'Jonas Savimbi', 0),
(628, 24, 'Agostinho Neto', 0),
(633, 26, 'José Carlos Guimarães', 1),
(634, 26, 'Akwá', 0),
(635, 26, 'Mantorras', 0),
(636, 26, 'José Armando', 0),
(641, 28, 'Jonas Savimbi', 1),
(642, 28, 'José Eduardo dos Santos', 0),
(643, 28, 'Agostinho Neto', 0),
(644, 28, 'João Lourenço', 0),
(645, 29, 'José Eduardo dos Santos', 1),
(646, 29, 'João Lourenço', 0),
(647, 29, 'Jonas Savimbi', 0),
(648, 29, 'Agostinho Neto', 0),
(649, 30, 'Pepetela', 1),
(650, 30, 'José Eduardo dos Santos', 0),
(651, 30, 'Agostinho Neto', 0),
(652, 30, 'Jonas Savimbi', 0),
(653, 31, 'Maria de Lurdes Mutola', 0),
(654, 31, 'Isabel Ferreira', 1),
(655, 31, 'Bonga', 0),
(656, 31, 'Anabela', 0),
(661, 115, 'Luanda e Benguela', 1),
(662, 115, 'Malanje e Huambo', 0),
(663, 115, 'Cabinda e Moxico', 0),
(664, 115, 'Cuando Cubango e Cunene', 0),
(665, 113, 'Mausoléu de Agostinho Neto', 1),
(666, 113, 'Fortaleza de São Miguel', 0),
(667, 113, 'Museu Nacional', 0),
(668, 113, 'Teatro Nacional', 0),
(669, 75, 'Lagoa Carumbo', 1),
(670, 75, 'Lagoa Azul', 0),
(671, 75, 'Lagoa Grande', 0),
(672, 75, 'Lagoa Verde', 0),
(673, 73, 'Kwanza', 1),
(674, 73, 'Cunene', 0),
(675, 73, 'Lucala', 0),
(676, 73, 'Cassanje', 0),
(677, 71, 'Tropical', 1),
(678, 71, 'Desértico', 0),
(679, 71, 'Temperado', 0),
(680, 71, 'Equatorial', 0),
(685, 69, 'Luanda', 1),
(686, 69, 'Huambo', 0),
(687, 69, 'Benguela', 0),
(688, 69, 'Cabinda', 0),
(689, 68, 'Ilha do Mussulo', 1),
(690, 68, 'Ilha do Cabo', 0),
(691, 68, 'Ilha do Puto', 0),
(692, 68, 'Ilha do Sol', 0),
(693, 67, 'Parque Nacional da Kissama', 1),
(694, 67, 'Parque da Quiçama', 0),
(695, 67, 'Parque Nacional de Moxico', 0),
(696, 67, 'Parque do Namibe', 0),
(701, 65, 'Benguela', 1),
(702, 65, 'Luanda', 0),
(703, 65, 'Cabinda', 0),
(704, 65, 'Malanje', 0),
(705, 64, 'Namibe', 1),
(706, 64, 'Cuando Cubango', 0),
(707, 64, 'Huíla', 0),
(708, 64, 'Malanje', 0),
(709, 63, 'Cuando Cubango', 0),
(710, 63, 'Moxico', 0),
(711, 63, 'Benguela', 0),
(712, 63, 'Cunene', 1),
(713, 61, 'Luanda', 1),
(714, 61, 'Benguela', 0),
(715, 61, 'Huambo', 0),
(716, 61, 'Cabinda', 0),
(717, 62, 'Kwanza', 1),
(718, 62, 'Cunene', 0),
(719, 62, 'Cacuso', 0),
(720, 62, 'Zambeze', 0),
(721, 40, 'José Eduardo dos Santos', 1),
(722, 40, 'João Lourenço', 0),
(723, 40, 'Isaias Samakuva', 0),
(724, 40, 'Jonas Savimbi', 0),
(725, 39, 'José Eduardo dos Santos', 1),
(726, 39, 'João Lourenço', 0),
(727, 39, 'Jonas Savimbi', 0),
(728, 39, 'Agostinho Neto', 0),
(729, 38, 'José Eduardo dos Santos', 0),
(730, 38, 'Pepetela', 1),
(731, 38, 'João Lourenço', 0),
(732, 38, 'Agostinho Neto', 0),
(733, 37, 'Maria de Lurdes Mutola', 1),
(734, 37, 'Anabela', 0),
(735, 37, 'Isabel Ferreira', 0),
(736, 37, 'Bonga', 0),
(737, 36, 'João Lourenço', 1),
(738, 36, 'José Eduardo dos Santos', 0),
(739, 36, 'Isaias Samakuva', 0),
(740, 36, 'Jonas Savimbi', 0),
(741, 35, 'Ruy Duarte de Carvalho', 1),
(742, 35, 'Pepetela', 0),
(743, 35, 'José Eduardo dos Santos', 0),
(744, 35, 'Bonga', 0),
(745, 34, 'José Eduardo dos Santos', 0),
(746, 34, 'Isaias Samakuva', 1),
(747, 34, 'Jonas Savimbi', 0),
(748, 34, 'João Lourenço', 0),
(749, 33, 'Isabel Ferreira', 1),
(750, 33, 'Maria de Lurdes Mutola', 0),
(751, 33, 'Bonga', 0),
(752, 33, 'C4 Pedro', 0),
(765, 66, 'Morro de Moco', 1),
(766, 66, 'Morro do Cal', 0),
(767, 66, 'Serra da Leba', 0),
(768, 66, 'Morro do Boco', 0),
(769, 25, 'Bonga', 1),
(770, 25, 'Akwá', 0),
(771, 25, 'Love Cabungula', 0),
(772, 25, 'Jonas Savimbi', 0),
(773, 27, 'Anselmo Ralph', 1),
(774, 27, 'C4 Pedro', 0),
(775, 27, 'Cabo Snoop', 0),
(776, 27, 'Noite e Dia', 0),
(777, 32, 'C4 Pedro', 0),
(778, 32, 'Bonga', 1),
(779, 32, 'Anselmo Ralph', 0),
(780, 32, 'Noite', 0),
(781, 70, 'Malanje', 1),
(782, 70, 'Huíla', 0),
(783, 70, 'Bengo', 0),
(784, 70, 'Moxico', 0),
(785, 60, 'Embaixador cultural', 1),
(786, 60, 'Político', 0),
(787, 60, 'Atleta', 0),
(788, 60, 'Médico', 0),
(789, 59, 'Mucule tradicional moderno', 1),
(790, 59, 'Kizomba tradicional', 0),
(791, 59, 'Semba moderno', 0),
(792, 59, 'Tango', 0),
(793, 58, 'Kuduro', 1),
(794, 58, 'Semba', 0),
(795, 58, 'Kizomba', 0),
(796, 58, 'Hip Hop', 0),
(797, 41, 'Semba', 1),
(798, 41, 'Kizomba', 0),
(799, 41, 'Rumba', 0),
(800, 41, 'Tarrachinha', 0),
(801, 42, 'Kizomba', 1),
(802, 42, 'Semba', 0),
(803, 42, 'Kuduro', 0),
(804, 42, 'Gospel', 0),
(805, 43, 'Festival Luanda Hip Hop', 1),
(806, 43, 'Carnaval de Luanda', 0),
(807, 43, 'Festa do Sol', 0),
(808, 43, 'Festival do Mar', 0),
(809, 44, 'Funge com peixe', 1),
(810, 44, 'Calulu', 0),
(811, 44, 'Moamba de galinha', 0),
(812, 44, 'Feijoada', 0),
(813, 45, 'Ngoma', 1),
(814, 45, 'Djembe', 0),
(815, 45, 'Marimba', 0),
(816, 45, 'Tamborim', 0),
(817, 46, 'Cantor e compositor angolano', 1),
(818, 46, 'Atleta famoso', 0),
(819, 46, 'Político', 0),
(820, 46, 'Escritor', 0),
(821, 47, 'Independência e cultura', 1),
(822, 47, 'Esportes', 0),
(823, 47, 'Tecnologia', 0),
(824, 47, 'Educação', 0),
(825, 48, 'Artes urbanas e música', 1),
(826, 48, 'Agricultura', 0),
(827, 48, 'Mineração', 0),
(828, 48, 'Indústria', 0),
(829, 49, '“Mona Ki Ngi Xica”', 1),
(830, 49, '“Angola Querida”', 0),
(831, 49, '“Viva Angola”', 0),
(832, 49, '“Sol de Angola”', 0),
(837, 51, 'Semba', 1),
(838, 51, 'Kizomba', 0),
(839, 51, 'Kuduro', 0),
(840, 51, 'Gospel', 0),
(841, 50, 'Pano de fundo colorido (trajes típicos)', 1),
(842, 50, 'Roupas ocidentais', 0),
(843, 50, 'Túnicas árabes', 0),
(844, 50, 'Kimonos', 0),
(845, 52, 'Influenciou música mundial', 1),
(846, 52, 'Não teve impacto', 0),
(847, 52, 'Somente regional', 0),
(848, 52, 'Foi proibido', 0),
(849, 53, 'Festival Internacional de Luanda', 1),
(850, 53, 'Festival do Sol', 0),
(851, 53, 'Carnaval de Angola', 0),
(852, 53, 'Festival das Flores', 0),
(853, 54, 'Centro Cultural Kilamba', 1),
(854, 54, 'Museu do Pavilhão', 0),
(855, 54, 'Biblioteca Nacional', 0),
(856, 54, 'Teatro de Luanda', 0),
(857, 55, 'Ruy Duarte de Carvalho', 1),
(858, 55, 'Pepetela', 0),
(859, 55, 'José Eduardo dos Santos', 0),
(860, 55, 'Bonga', 0),
(861, 56, 'Artes visuais contemporâneas', 1),
(862, 56, 'Pintura colonial', 0),
(863, 56, 'Escultura antiga', 0),
(864, 56, 'Música clássica', 0),
(865, 57, 'Samba da resistência cultural', 1),
(866, 57, 'Kizomba', 0),
(867, 57, 'Kuduro', 0),
(868, 57, 'Jazz', 0);

-- --------------------------------------------------------

--
-- Estrutura para tabela `perguntas`
--

CREATE TABLE `perguntas` (
  `id` int(11) NOT NULL,
  `categoria_id` int(11) NOT NULL,
  `pergunta_texto` text NOT NULL,
  `tipo_pergunta` enum('multipla_escolha','verdadeiro_falso') NOT NULL,
  `caminho_imagem` varchar(255) DEFAULT NULL,
  `caminho_audio` varchar(255) DEFAULT NULL,
  `nivel` enum('fácil','médio','difícil') NOT NULL DEFAULT 'fácil',
  `tempo_segundos` int(11) NOT NULL DEFAULT 30
) ENGINE=InnoDB DEFAULT CHARSET=utf8mb4 COLLATE=utf8mb4_unicode_ci;

--
-- Despejando dados para a tabela `perguntas`
--

INSERT INTO `perguntas` (`id`, `categoria_id`, `pergunta_texto`, `tipo_pergunta`, `caminho_imagem`, `caminho_audio`, `nivel`, `tempo_segundos`) VALUES
(1, 4, 'Quem foi o líder histórico da UNITA durante a guerra civil angolana?', 'multipla_escolha', '', '', 'fácil', 30),
(2, 1, 'Em que ano Angola conquistou a independência de Portugal?', 'multipla_escolha', NULL, NULL, 'fácil', 30),
(3, 4, 'Quem proclamou a independência de Angola?', 'multipla_escolha', '', '', 'fácil', 30),
(4, 1, 'Qual movimento político rivalizou diretamente com o MPLA após a independência?', 'multipla_escolha', NULL, NULL, 'fácil', 30),
(5, 4, 'Onde morreu Jonas Savimbi?', 'multipla_escolha', '', '', 'fácil', 30),
(6, 1, 'Qual foi a principal causa da Guerra Civil Angolana?', 'multipla_escolha', NULL, NULL, 'fácil', 30),
(7, 1, 'Que país apoiou fortemente o MPLA durante o conflito?', 'multipla_escolha', NULL, NULL, 'fácil', 30),
(8, 1, 'Que país apoiou a UNITA?', 'multipla_escolha', NULL, NULL, 'fácil', 30),
(9, 1, 'O que foi o Memorando de Entendimento do Luena?', 'multipla_escolha', NULL, NULL, 'fácil', 30),
(10, 1, 'Em que ano terminou oficialmente a guerra civil?', 'multipla_escolha', NULL, NULL, 'fácil', 30),
(11, 1, 'Que evento marcou o início da luta armada em Angola?', 'multipla_escolha', NULL, NULL, 'fácil', 30),
(12, 1, 'Que cidade teve confrontos importantes durante a guerra?', 'multipla_escolha', NULL, NULL, 'fácil', 30),
(13, 1, 'Qual era o objetivo central dos movimentos de libertação?', 'multipla_escolha', NULL, NULL, 'fácil', 30),
(14, 1, 'Qual conflito influenciou Angola durante a Guerra Fria?', 'multipla_escolha', NULL, NULL, 'fácil', 30),
(15, 4, 'Quem sucedeu Agostinho Neto?', 'multipla_escolha', '', '', 'fácil', 30),
(16, 1, 'Qual período marcou forte reconstrução nacional?', 'multipla_escolha', NULL, NULL, 'fácil', 30),
(17, 1, 'A guerra civil afetou principalmente que setores?', 'multipla_escolha', NULL, NULL, 'fácil', 30),
(18, 1, 'Qual província foi historicamente estratégica durante o conflito?', 'multipla_escolha', NULL, NULL, 'fácil', 30),
(19, 1, 'Qual tratado encerrou a guerra civil no Leste?', 'multipla_escolha', NULL, NULL, 'fácil', 30),
(20, 1, 'Qual período é conhecido como \"Revolução Cultural\" angolana?', 'multipla_escolha', NULL, NULL, 'fácil', 30),
(21, 4, 'Quem liderou o MPLA após Neto?', 'multipla_escolha', '', '', 'fácil', 30),
(22, 4, 'Quem assumiu a UNITA após Savimbi?', 'multipla_escolha', '', '', 'fácil', 30),
(23, 4, 'Qual poeta-presidente também foi médico?', 'multipla_escolha', '', '', 'fácil', 30),
(24, 4, 'Quem é o atual Presidente?', 'multipla_escolha', '', '', 'fácil', 30),
(25, 6, 'Que figura cultural promoveu o Semba internacionalmente?', 'multipla_escolha', '', '', 'fácil', 30),
(26, 5, 'Qual atleta angolano destacou-se no basquete africano?', 'multipla_escolha', '', '', 'fácil', 30),
(27, 6, 'Quem é conhecido como “o rei do Amor”?', 'multipla_escolha', '', '', 'fácil', 30),
(28, 4, 'Que dirigente histórico morreu em combate em 2002?', 'multipla_escolha', '', '', 'fácil', 30),
(29, 4, 'Quem liderou Angola durante a era petrolífera de crescimento?', 'multipla_escolha', '', '', 'fácil', 30),
(30, 4, 'Qual personalidade literária destacou-se na literatura pós-independência?', 'multipla_escolha', '', '', 'fácil', 30),
(31, 4, 'Quem foi primeira mulher Ministra da Educação?', 'multipla_escolha', '', '', 'fácil', 30),
(32, 6, 'Quem foi reconhecido como embaixador cultural angolano?', 'multipla_escolha', '', '', 'fácil', 30),
(33, 4, 'Qual figura foi símbolo da resistência feminina?', 'multipla_escolha', '', '', 'fácil', 30),
(34, 4, 'Quem representou Angola nas Nações Unidas pós-guerra?', 'multipla_escolha', '', '', 'fácil', 30),
(35, 4, 'Que figura artística foi pioneira no teatro popular?', 'multipla_escolha', '', '', 'fácil', 30),
(36, 1, 'Quem liderou movimentos comunitários no pós-guerra?', 'multipla_escolha', '', '', 'fácil', 30),
(37, 5, 'Qual atleta angolano participou nos Jogos Olímpicos?', 'multipla_escolha', '', '', 'fácil', 30),
(38, 4, 'Quem foi um dos primeiros jornalistas de renome pós-independência?', 'multipla_escolha', '', '', 'fácil', 30),
(39, 4, 'Quem incentivou a reconstrução urbana de Luanda?', 'multipla_escolha', '', '', 'fácil', 30),
(40, 4, 'Que personalidades políticas tiveram papel fundamental nas negociações de paz?', 'multipla_escolha', '', '', 'fácil', 30),
(41, 6, 'Qual dança tradicional angolana é símbolo nacional?', 'multipla_escolha', '', '', 'fácil', 30),
(42, 6, 'Qual gênero musical mistura dança e romantismo?', 'multipla_escolha', '', '', 'fácil', 30),
(43, 6, 'Que festival celebra cultura urbana em Luanda?', 'multipla_escolha', '', '', 'fácil', 30),
(44, 6, 'Qual prato tradicional é feito com funge e peixe?', 'multipla_escolha', '', '', 'fácil', 30),
(45, 6, 'Que instrumento de percussão é típico em Angola?', 'multipla_escolha', '', '', 'fácil', 30),
(46, 6, 'Quem é Bonga na música angolana?', 'multipla_escolha', '', '', 'fácil', 30),
(47, 6, 'Qual manifestação popular celebra independência e cultura?', 'multipla_escolha', '', '', 'fácil', 30),
(48, 6, 'Que expressão artística cresceu após o fim da guerra?', 'multipla_escolha', '', '', 'fácil', 30),
(49, 6, 'Qual música angolana ganhou fama internacional?', 'multipla_escolha', '', '', 'fácil', 30),
(50, 6, 'Que tecido é tradicionalmente usado em trajes culturais?', 'multipla_escolha', '', '', 'fácil', 30),
(51, 6, 'Que dança foi proibida ou reprimida em certas fases históricas?', 'multipla_escolha', '', '', 'fácil', 30),
(52, 6, 'Qual é a influência do Semba na música internacional?', 'multipla_escolha', '', '', 'fácil', 30),
(53, 6, 'Qual festival internacional acontece em Luanda?', 'multipla_escolha', '', '', 'fácil', 30),
(54, 6, 'Qual é o centro cultural importante de Angola?', 'multipla_escolha', '', '', 'fácil', 30),
(55, 6, 'Quem foi pioneiro no teatro pós-independência?', 'multipla_escolha', '', '', 'fácil', 30),
(56, 6, 'Que arte visual floresceu pós-2002?', 'multipla_escolha', '', '', 'fácil', 30),
(57, 6, 'Qual música é símbolo da resistência cultural?', 'multipla_escolha', '', '', 'fácil', 30),
(58, 6, 'Que gênero musical urbano cresceu em Angola?', 'multipla_escolha', '', '', 'fácil', 30),
(59, 6, 'Qual dança mistura tradição e modernidade?', 'multipla_escolha', '', '', 'fácil', 30),
(60, 6, 'Quem foi reconhecido como embaixador cultural angolano?', 'multipla_escolha', '', '', 'fácil', 30),
(61, 6, 'Capital de Angola?', 'multipla_escolha', '', '', 'fácil', 30),
(62, 6, 'Maior rio de Angola?', 'multipla_escolha', '', '', 'fácil', 30),
(63, 6, 'Maior província de Angola?', 'multipla_escolha', '', '', 'fácil', 30),
(64, 2, 'Deserto ao sul de Angola?', 'multipla_escolha', '', '', 'fácil', 30),
(65, 6, 'Província costeira importante?', 'multipla_escolha', '', '', 'fácil', 30),
(66, 6, 'Montanha mais alta de Angola?', 'multipla_escolha', '', '', 'fácil', 30),
(67, 7, 'Parque nacional famoso para safaris?', 'multipla_escolha', '', '', 'fácil', 30),
(68, 7, 'Ilha turística perto de Luanda?', 'multipla_escolha', '', '', 'fácil', 30),
(69, 2, 'Área mais populosa?', 'multipla_escolha', '', '', 'fácil', 30),
(70, 6, 'Província agrícola tradicional?', 'multipla_escolha', '', '', 'fácil', 30),
(71, 6, 'Clima predominante?', 'multipla_escolha', '', '', 'fácil', 30),
(72, 6, 'Província do Cacuso famosa pelo café?', 'multipla_escolha', '', '', 'fácil', 30),
(73, 2, 'Rio que desagua em Luanda?', 'multipla_escolha', '', '', 'fácil', 30),
(74, 7, 'Região com turismo ecológico?', 'multipla_escolha', '', '', 'fácil', 30),
(75, 2, 'Maior lago natural de Angola?', 'multipla_escolha', '', '', 'fácil', 30),
(76, 2, 'Regiões de savana predominam em que área?', 'multipla_escolha', '', '', 'fácil', 30),
(77, 2, 'Província fronteiriça com Zâmbia?', 'multipla_escolha', '', '', 'fácil', 30),
(78, 2, 'Província com mineração importante?', 'multipla_escolha', '', '', 'fácil', 30),
(79, 2, 'Principais recursos naturais?', 'multipla_escolha', '', '', 'fácil', 30),
(80, 2, 'Desafios geográficos principais?', 'multipla_escolha', '', '', 'fácil', 30),
(81, 5, 'Desporto mais popular em Angola?', 'multipla_escolha', NULL, NULL, 'fácil', 30),
(82, 5, 'Como se chama a seleção nacional de futebol?', 'multipla_escolha', NULL, NULL, 'fácil', 30),
(83, 5, 'Em que ano Angola participou pela primeira vez no Mundial FIFA?', 'multipla_escolha', NULL, NULL, 'fácil', 30),
(84, 5, 'Qual modalidade feminina é destaque em Angola?', 'multipla_escolha', NULL, NULL, 'fácil', 30),
(85, 5, 'Qual é um dos clubes mais históricos de Angola?', 'multipla_escolha', NULL, NULL, 'fácil', 30),
(86, 5, 'Primeiro jogador angolano a jogar fora do país?', 'multipla_escolha', NULL, NULL, 'fácil', 30),
(87, 5, 'Angola já participou nos Jogos Olímpicos em que modalidades?', 'multipla_escolha', NULL, NULL, 'fácil', 30),
(88, 5, 'Que estádio é considerado emblemático em Angola?', 'multipla_escolha', NULL, NULL, 'fácil', 30),
(89, 5, 'Qual desporto atrai mais jovens nas escolas?', 'multipla_escolha', NULL, NULL, 'fácil', 30),
(90, 5, 'Clube que domina campeonatos nacionais de futebol?', 'multipla_escolha', NULL, NULL, 'fácil', 30),
(91, 5, 'Participação em jogos internacionais de basquetebol?', 'multipla_escolha', NULL, NULL, 'fácil', 30),
(92, 5, 'Quem é Akwá?', 'multipla_escolha', NULL, NULL, 'fácil', 30),
(93, 5, 'Angola sediou qual evento africano de basquetebol?', 'multipla_escolha', NULL, NULL, 'fácil', 30),
(94, 5, 'Que modalidade olímpica angolana ganhou destaque africano?', 'multipla_escolha', NULL, NULL, 'fácil', 30),
(95, 5, 'Atleta angolano famoso no basquetebol africano?', 'multipla_escolha', NULL, NULL, 'fácil', 30),
(96, 5, 'Clube histórico em Luanda além do Petro?', 'multipla_escolha', NULL, NULL, 'fácil', 30),
(97, 5, 'Qual é um dos desafios do desporto nacional?', 'multipla_escolha', NULL, NULL, 'fácil', 30),
(98, 5, 'Qual desporto feminino é referência?', 'multipla_escolha', NULL, NULL, 'fácil', 30),
(99, 5, 'Qual jogador angolano participou em ligas internacionais?', 'multipla_escolha', NULL, NULL, 'fácil', 30),
(100, 5, 'Qual desporto cresce mais nas escolas atualmente?', 'multipla_escolha', NULL, NULL, 'fácil', 30),
(101, 6, 'Qual é a língua oficial de Angola?', 'multipla_escolha', NULL, NULL, 'fácil', 30),
(102, 6, 'Qual é a moeda de Angola?', 'multipla_escolha', NULL, NULL, 'fácil', 30),
(103, 6, 'Angola é membro de qual organização africana?', 'multipla_escolha', NULL, NULL, 'fácil', 30),
(104, 6, 'Qual é o principal recurso natural de Angola?', 'multipla_escolha', NULL, NULL, 'fácil', 30),
(105, 6, 'Qual é o sistema político de Angola?', 'multipla_escolha', NULL, NULL, 'fácil', 30),
(106, 6, 'Quando Angola conquistou a independência?', 'multipla_escolha', NULL, NULL, 'fácil', 30),
(107, 6, 'Quais setores cresceram economicamente pós-guerra?', 'multipla_escolha', NULL, NULL, 'fácil', 30),
(108, 6, 'Quais são os desafios sociais em Angola?', 'multipla_escolha', NULL, NULL, 'fácil', 30),
(109, 6, 'Região com maior riqueza natural?', 'multipla_escolha', NULL, NULL, 'fácil', 30),
(110, 6, 'Qual é um património histórico em Luanda?', 'multipla_escolha', NULL, NULL, 'fácil', 30),
(111, 6, 'Província fronteiriça com RDC?', 'multipla_escolha', NULL, NULL, 'fácil', 30),
(112, 6, 'Qual é o maior porto de Angola?', 'multipla_escolha', NULL, NULL, 'fácil', 30),
(113, 7, 'Turismo cultural famoso?', 'multipla_escolha', '', '', 'fácil', 30),
(114, 6, 'Que eventos históricos são lembrados nacionalmente?', 'multipla_escolha', NULL, NULL, 'fácil', 30),
(115, 7, 'Principais cidades para turismo?', 'multipla_escolha', '', '', 'fácil', 30),
(116, 6, 'Agricultura tradicional?', 'multipla_escolha', NULL, NULL, 'fácil', 30),
(117, 6, 'Sectores económicos em crescimento?', 'multipla_escolha', NULL, NULL, 'fácil', 30),
(118, 6, 'Quais são os feriados nacionais?', 'multipla_escolha', NULL, NULL, 'fácil', 30),
(119, 6, 'Transporte importante no país?', 'multipla_escolha', NULL, NULL, 'fácil', 30),
(120, 6, 'Como Angola participa da globalização?', 'multipla_escolha', NULL, NULL, 'fácil', 30),
(121, 7, 'Quedas de água famosas em Angola?', 'multipla_escolha', NULL, NULL, 'fácil', 30),
(122, 7, 'Deserto do Namibe é famoso por?', 'multipla_escolha', NULL, NULL, 'fácil', 30),
(123, 7, 'Ilha do Mussulo é conhecida por?', 'multipla_escolha', NULL, NULL, 'fácil', 30),
(124, 7, 'Parque nacional Kissama é famoso por?', 'multipla_escolha', NULL, NULL, 'fácil', 30),
(125, 7, 'Benguela histórica é referência para?', 'multipla_escolha', NULL, NULL, 'fácil', 30),
(126, 7, 'Huíla – Serra da Leba é famosa por?', 'multipla_escolha', NULL, NULL, 'fácil', 30),
(127, 7, 'Pedras Negras é conhecida por?', 'multipla_escolha', NULL, NULL, 'fácil', 30),
(128, 7, 'Turismo pós-guerra cresceu em que área?', 'multipla_escolha', NULL, NULL, 'fácil', 30),
(129, 7, 'Locais para mergulho em Angola?', 'multipla_escolha', NULL, NULL, 'fácil', 30),
(130, 7, 'Turismo religioso é representado por?', 'multipla_escolha', NULL, NULL, 'fácil', 30),
(131, 7, 'Praias famosas em Angola?', 'multipla_escolha', NULL, NULL, 'fácil', 30),
(132, 7, 'Pontos turísticos urbanos?', 'multipla_escolha', NULL, NULL, 'fácil', 30),
(133, 7, 'Turismo gastronómico em Angola?', 'multipla_escolha', NULL, NULL, 'fácil', 30),
(134, 7, 'Monumentos históricos?', 'multipla_escolha', NULL, NULL, 'fácil', 30),
(135, 7, 'Aldeias tradicionais servem para?', 'multipla_escolha', NULL, NULL, 'fácil', 30),
(136, 7, 'Trilhas e montanhas famosas?', 'multipla_escolha', NULL, NULL, 'fácil', 30),
(137, 7, 'Eventos de turismo?', 'multipla_escolha', NULL, NULL, 'fácil', 30),
(138, 7, 'Turismo de aventura inclui?', 'multipla_escolha', NULL, NULL, 'fácil', 30),
(139, 7, 'Atrações ecológicas?', 'multipla_escolha', NULL, NULL, 'fácil', 30),
(140, 7, 'Planeamento turístico deve focar em?', 'multipla_escolha', NULL, NULL, 'fácil', 30);

-- --------------------------------------------------------

--
-- Estrutura para tabela `pontuacoes`
--

CREATE TABLE `pontuacoes` (
  `id` int(11) NOT NULL,
  `usuario_id` int(11) NOT NULL,
  `pontuacao_total` int(11) DEFAULT 0,
  `ultima_atualizacao` timestamp NOT NULL DEFAULT current_timestamp() ON UPDATE current_timestamp()
) ENGINE=InnoDB DEFAULT CHARSET=utf8mb4 COLLATE=utf8mb4_unicode_ci;

--
-- Despejando dados para a tabela `pontuacoes`
--

INSERT INTO `pontuacoes` (`id`, `usuario_id`, `pontuacao_total`, `ultima_atualizacao`) VALUES
(1, 1, 90, '2026-03-16 11:36:39'),
(2, 2, 2254, '2026-05-11 16:40:38'),
(3, 3, 240, '2025-10-02 15:49:16'),
(4, 4, 10, '2025-12-09 15:35:48');

-- --------------------------------------------------------

--
-- Estrutura para tabela `site_conteudo`
--

CREATE TABLE `site_conteudo` (
  `id` int(11) NOT NULL,
  `titulo` varchar(255) DEFAULT NULL,
  `descricao` text DEFAULT NULL,
  `imagem1` varchar(255) DEFAULT NULL,
  `imagem2` varchar(255) DEFAULT NULL,
  `imagem3` varchar(255) DEFAULT NULL,
  `imagem4` varchar(255) DEFAULT NULL,
  `email` varchar(255) DEFAULT NULL,
  `telefone` varchar(50) DEFAULT NULL,
  `footer_text` varchar(255) DEFAULT NULL
) ENGINE=InnoDB DEFAULT CHARSET=utf8mb4 COLLATE=utf8mb4_unicode_ci;

--
-- Despejando dados para a tabela `site_conteudo`
--

INSERT INTO `site_conteudo` (`id`, `titulo`, `descricao`, `imagem1`, `imagem2`, `imagem3`, `imagem4`, `email`, `telefone`, `footer_text`) VALUES
(1, 'PORTAL EDUCATIVO', 'História e Cultura de Angola ', '1778577473_Assembleia.jpg', '1778570038_Luanda.jpg', '1778570038_RIO.jpg', '1778570038_Sonangol.jpg', 'domingosmateus398@gmail.com', '927522645', '© 2026 Quiz Conheça Angola - Todos os direitos reservados');

-- --------------------------------------------------------

--
-- Estrutura para tabela `usuarios`
--

CREATE TABLE `usuarios` (
  `id` int(11) NOT NULL,
  `nome_usuario` varchar(50) NOT NULL,
  `email` varchar(100) NOT NULL,
  `senha` varchar(255) NOT NULL,
  `tipo_usuario` enum('jogador','admin') DEFAULT 'jogador',
  `data_cadastro` timestamp NOT NULL DEFAULT current_timestamp(),
  `foto_perfil` varchar(255) DEFAULT NULL
) ENGINE=InnoDB DEFAULT CHARSET=utf8mb4 COLLATE=utf8mb4_unicode_ci;

--
-- Despejando dados para a tabela `usuarios`
--

INSERT INTO `usuarios` (`id`, `nome_usuario`, `email`, `senha`, `tipo_usuario`, `data_cadastro`, `foto_perfil`) VALUES
(1, 'Hélio Mateus Mendes', 'domingosmateus398@gmail.com', '$2y$10$s2o6Jz13S.dXkVfsBqivKOy4ASIw6Jnp32aFAP5M1SynpvLm8ukEK', 'admin', '2025-09-25 14:38:58', NULL),
(2, 'Hélio Mendes', 'heliomendes@gmail.com', '$2y$10$ixeoy7VDXsZPVMSIej/N2uI3kgavKfGpksakINA6hxXA.clodPcfO', 'jogador', '2025-09-25 15:15:35', 'uploads/perfil_1765294297_FOTO ALDA.png'),
(3, 'Aldair Mendes', 'ald4irmendes@gmail.com', '$2y$10$ALuOUi3axj6ZaS59ZhB4b.hX45NtInQ45I4XZ9BoGsj9AYaS.gL/6', 'jogador', '2025-09-27 14:39:55', NULL),
(4, 'Neusa Mendes', 'neusamendes@gmail.com', '$2y$10$SAQoi7huJx.AV9nTmHOTiu8Dts4yoYLl4tdCJKc7E./A5RABpzuyq', 'jogador', '2025-12-09 15:34:55', 'uploads/perfil_1765294528_IMG_9085.JPG');

--
-- Índices para tabelas despejadas
--

--
-- Índices de tabela `categorias`
--
ALTER TABLE `categorias`
  ADD PRIMARY KEY (`id`),
  ADD UNIQUE KEY `nome_categoria` (`nome_categoria`);

--
-- Índices de tabela `historico_quiz`
--
ALTER TABLE `historico_quiz`
  ADD PRIMARY KEY (`id`),
  ADD KEY `usuario_id` (`usuario_id`),
  ADD KEY `pergunta_id` (`pergunta_id`),
  ADD KEY `resposta_dada_id` (`resposta_dada_id`);

--
-- Índices de tabela `opcoes_resposta`
--
ALTER TABLE `opcoes_resposta`
  ADD PRIMARY KEY (`id`),
  ADD KEY `pergunta_id` (`pergunta_id`);

--
-- Índices de tabela `perguntas`
--
ALTER TABLE `perguntas`
  ADD PRIMARY KEY (`id`),
  ADD KEY `categoria_id` (`categoria_id`);

--
-- Índices de tabela `pontuacoes`
--
ALTER TABLE `pontuacoes`
  ADD PRIMARY KEY (`id`),
  ADD UNIQUE KEY `usuario_id` (`usuario_id`);

--
-- Índices de tabela `site_conteudo`
--
ALTER TABLE `site_conteudo`
  ADD PRIMARY KEY (`id`);

--
-- Índices de tabela `usuarios`
--
ALTER TABLE `usuarios`
  ADD PRIMARY KEY (`id`),
  ADD UNIQUE KEY `nome_usuario` (`nome_usuario`),
  ADD UNIQUE KEY `email` (`email`);

--
-- AUTO_INCREMENT para tabelas despejadas
--

--
-- AUTO_INCREMENT de tabela `categorias`
--
ALTER TABLE `categorias`
  MODIFY `id` int(11) NOT NULL AUTO_INCREMENT, AUTO_INCREMENT=8;

--
-- AUTO_INCREMENT de tabela `historico_quiz`
--
ALTER TABLE `historico_quiz`
  MODIFY `id` int(11) NOT NULL AUTO_INCREMENT, AUTO_INCREMENT=828;

--
-- AUTO_INCREMENT de tabela `opcoes_resposta`
--
ALTER TABLE `opcoes_resposta`
  MODIFY `id` int(11) NOT NULL AUTO_INCREMENT, AUTO_INCREMENT=869;

--
-- AUTO_INCREMENT de tabela `perguntas`
--
ALTER TABLE `perguntas`
  MODIFY `id` int(11) NOT NULL AUTO_INCREMENT, AUTO_INCREMENT=141;

--
-- AUTO_INCREMENT de tabela `pontuacoes`
--
ALTER TABLE `pontuacoes`
  MODIFY `id` int(11) NOT NULL AUTO_INCREMENT, AUTO_INCREMENT=5;

--
-- AUTO_INCREMENT de tabela `site_conteudo`
--
ALTER TABLE `site_conteudo`
  MODIFY `id` int(11) NOT NULL AUTO_INCREMENT, AUTO_INCREMENT=2;

--
-- AUTO_INCREMENT de tabela `usuarios`
--
ALTER TABLE `usuarios`
  MODIFY `id` int(11) NOT NULL AUTO_INCREMENT, AUTO_INCREMENT=5;

--
-- Restrições para tabelas despejadas
--

--
-- Restrições para tabelas `historico_quiz`
--
ALTER TABLE `historico_quiz`
  ADD CONSTRAINT `historico_quiz_ibfk_1` FOREIGN KEY (`usuario_id`) REFERENCES `usuarios` (`id`) ON DELETE CASCADE,
  ADD CONSTRAINT `historico_quiz_ibfk_2` FOREIGN KEY (`pergunta_id`) REFERENCES `perguntas` (`id`) ON DELETE CASCADE,
  ADD CONSTRAINT `historico_quiz_ibfk_3` FOREIGN KEY (`resposta_dada_id`) REFERENCES `opcoes_resposta` (`id`) ON DELETE SET NULL;

--
-- Restrições para tabelas `opcoes_resposta`
--
ALTER TABLE `opcoes_resposta`
  ADD CONSTRAINT `opcoes_resposta_ibfk_1` FOREIGN KEY (`pergunta_id`) REFERENCES `perguntas` (`id`) ON DELETE CASCADE;

--
-- Restrições para tabelas `perguntas`
--
ALTER TABLE `perguntas`
  ADD CONSTRAINT `perguntas_ibfk_1` FOREIGN KEY (`categoria_id`) REFERENCES `categorias` (`id`) ON DELETE CASCADE;

--
-- Restrições para tabelas `pontuacoes`
--
ALTER TABLE `pontuacoes`
  ADD CONSTRAINT `pontuacoes_ibfk_1` FOREIGN KEY (`usuario_id`) REFERENCES `usuarios` (`id`) ON DELETE CASCADE;
COMMIT;

/*!40101 SET CHARACTER_SET_CLIENT=@OLD_CHARACTER_SET_CLIENT */;
/*!40101 SET CHARACTER_SET_RESULTS=@OLD_CHARACTER_SET_RESULTS */;
/*!40101 SET COLLATION_CONNECTION=@OLD_COLLATION_CONNECTION */;
